Name ,Gender,Age,Salary(USD),Salary(EG)
Mark,M,20,1000,48854.0
John ,M,60,1200,58624.799999999996
Edward,M,42,3000,146562.0
Salah,M,31,5000,244270.0
Ahmed,M,42,1700,83051.8
Sara,F,25,1900,92822.59999999999
Julia,F,21,1950,95265.3
